sample_id	library_type	condition	time	treatment	replicate	read	exact_fastq_filename	server_path	hard_drive_backup_path	file_size_bytes	md5_checksum	notes
H1_ln	longRNA	Ctrl6	6h	Control	1	R1	TO_FILL	TO_FILL	TO_FILL	TO_FILL	TO_FILL	Fill from server using checksum script.
H1_ln	longRNA	Ctrl6	6h	Control	1	R2	TO_FILL	TO_FILL	TO_FILL	TO_FILL	TO_FILL	Fill from server using checksum script.
SQ13_ln	longRNA	Ctrl6	6h	Control	2	R1	TO_FILL	TO_FILL	TO_FILL	TO_FILL	TO_FILL	Fill from server using checksum script.
SQ13_ln	longRNA	Ctrl6	6h	Control	2	R2	TO_FILL	TO_FILL	TO_FILL	TO_FILL	TO_FILL	Fill from server using checksum script.
SQ1_ln	longRNA	Ctrl6	6h	Control	3	R1	TO_FILL	TO_FILL	TO_FILL	TO_FILL	TO_FILL	Fill from server using checksum script.
SQ1_ln	longRNA	Ctrl6	6h	Control	3	R2	TO_FILL	TO_FILL	TO_FILL	TO_FILL	TO_FILL	Fill from server using checksum script.
SQ5_ln	longRNA	Ctrl6	6h	Control	4	R1	TO_FILL	TO_FILL	TO_FILL	TO_FILL	TO_FILL	Fill from server using checksum script.
SQ5_ln	longRNA	Ctrl6	6h	Control	4	R2	TO_FILL	TO_FILL	TO_FILL	TO_FILL	TO_FILL	Fill from server using checksum script.
H2_ln	longRNA	NE6	6h	NE	1	R1	TO_FILL	TO_FILL	TO_FILL	TO_FILL	TO_FILL	Fill from server using checksum script.
H2_ln	longRNA	NE6	6h	NE	1	R2	TO_FILL	TO_FILL	TO_FILL	TO_FILL	TO_FILL	Fill from server using checksum script.
SQ14_ln	longRNA	NE6	6h	NE	2	R1	TO_FILL	TO_FILL	TO_FILL	TO_FILL	TO_FILL	Fill from server using checksum script.
SQ14_ln	longRNA	NE6	6h	NE	2	R2	TO_FILL	TO_FILL	TO_FILL	TO_FILL	TO_FILL	Fill from server using checksum script.
SQ2_ln	longRNA	NE6	6h	NE	3	R1	TO_FILL	TO_FILL	TO_FILL	TO_FILL	TO_FILL	Fill from server using checksum script.
SQ2_ln	longRNA	NE6	6h	NE	3	R2	TO_FILL	TO_FILL	TO_FILL	TO_FILL	TO_FILL	Fill from server using checksum script.
SQ6_ln	longRNA	NE6	6h	NE	4	R1	TO_FILL	TO_FILL	TO_FILL	TO_FILL	TO_FILL	Fill from server using checksum script.
SQ6_ln	longRNA	NE6	6h	NE	4	R2	TO_FILL	TO_FILL	TO_FILL	TO_FILL	TO_FILL	Fill from server using checksum script.
SQ3_ln	longRNA	Ctrl24	24h	Control	1	R1	TO_FILL	TO_FILL	TO_FILL	TO_FILL	TO_FILL	Fill from server using checksum script.
SQ3_ln	longRNA	Ctrl24	24h	Control	1	R2	TO_FILL	TO_FILL	TO_FILL	TO_FILL	TO_FILL	Fill from server using checksum script.
SQ15_ln	longRNA	Ctrl24	24h	Control	2	R1	TO_FILL	TO_FILL	TO_FILL	TO_FILL	TO_FILL	Fill from server using checksum script.
SQ15_ln	longRNA	Ctrl24	24h	Control	2	R2	TO_FILL	TO_FILL	TO_FILL	TO_FILL	TO_FILL	Fill from server using checksum script.
H3_ln	longRNA	Ctrl24	24h	Control	3	R1	TO_FILL	TO_FILL	TO_FILL	TO_FILL	TO_FILL	Fill from server using checksum script.
H3_ln	longRNA	Ctrl24	24h	Control	3	R2	TO_FILL	TO_FILL	TO_FILL	TO_FILL	TO_FILL	Fill from server using checksum script.
SQ7_ln	longRNA	Ctrl24	24h	Control	4	R1	TO_FILL	TO_FILL	TO_FILL	TO_FILL	TO_FILL	Fill from server using checksum script.
SQ7_ln	longRNA	Ctrl24	24h	Control	4	R2	TO_FILL	TO_FILL	TO_FILL	TO_FILL	TO_FILL	Fill from server using checksum script.
SQ4_ln	longRNA	NE24	24h	NE	1	R1	TO_FILL	TO_FILL	TO_FILL	TO_FILL	TO_FILL	Fill from server using checksum script.
SQ4_ln	longRNA	NE24	24h	NE	1	R2	TO_FILL	TO_FILL	TO_FILL	TO_FILL	TO_FILL	Fill from server using checksum script.
SQ8_ln	longRNA	NE24	24h	NE	2	R1	TO_FILL	TO_FILL	TO_FILL	TO_FILL	TO_FILL	Fill from server using checksum script.
SQ8_ln	longRNA	NE24	24h	NE	2	R2	TO_FILL	TO_FILL	TO_FILL	TO_FILL	TO_FILL	Fill from server using checksum script.
SQ16_ln	longRNA	NE24	24h	NE	3	R1	TO_FILL	TO_FILL	TO_FILL	TO_FILL	TO_FILL	Fill from server using checksum script.
SQ16_ln	longRNA	NE24	24h	NE	3	R2	TO_FILL	TO_FILL	TO_FILL	TO_FILL	TO_FILL	Fill from server using checksum script.
H4_ln	longRNA	NE24	24h	NE	4	R1	TO_FILL	TO_FILL	TO_FILL	TO_FILL	TO_FILL	Fill from server using checksum script.
H4_ln	longRNA	NE24	24h	NE	4	R2	TO_FILL	TO_FILL	TO_FILL	TO_FILL	TO_FILL	Fill from server using checksum script.
H1_mi	smallRNA_miRNA	Ctrl6	6h	Control	1	single	H1_mi.fastq.gz	TO_FILL	TO_FILL	TO_FILL	TO_FILL	Fill from server using checksum script.
SQ13_mi	smallRNA_miRNA	Ctrl6	6h	Control	2	single	SQ13_mi.fastq.gz	TO_FILL	TO_FILL	TO_FILL	TO_FILL	Fill from server using checksum script.
SQ1_mi	smallRNA_miRNA	Ctrl6	6h	Control	3	single	SQ1_mi.fastq.gz	TO_FILL	TO_FILL	TO_FILL	TO_FILL	Fill from server using checksum script.
SQ5_mi	smallRNA_miRNA	Ctrl6	6h	Control	4	single	SQ5_mi.fastq.gz	TO_FILL	TO_FILL	TO_FILL	TO_FILL	Fill from server using checksum script.
H2_mi	smallRNA_miRNA	NE6	6h	NE	1	single	H2_mi.fastq.gz	TO_FILL	TO_FILL	TO_FILL	TO_FILL	Fill from server using checksum script.
SQ14_mi	smallRNA_miRNA	NE6	6h	NE	2	single	SQ14_mi.fastq.gz	TO_FILL	TO_FILL	TO_FILL	TO_FILL	Fill from server using checksum script.
SQ2_mi	smallRNA_miRNA	NE6	6h	NE	3	single	SQ2_mi.fastq.gz	TO_FILL	TO_FILL	TO_FILL	TO_FILL	Fill from server using checksum script.
SQ6_mi	smallRNA_miRNA	NE6	6h	NE	4	single	SQ6_mi.fastq.gz	TO_FILL	TO_FILL	TO_FILL	TO_FILL	Fill from server using checksum script.
SQ3_mi	smallRNA_miRNA	Ctrl24	24h	Control	1	single	SQ3_mi.fastq.gz	TO_FILL	TO_FILL	TO_FILL	TO_FILL	Fill from server using checksum script.
SQ15_mi	smallRNA_miRNA	Ctrl24	24h	Control	2	single	SQ15_mi.fastq.gz	TO_FILL	TO_FILL	TO_FILL	TO_FILL	Fill from server using checksum script.
H3_mi	smallRNA_miRNA	Ctrl24	24h	Control	3	single	H3_mi.fastq.gz	TO_FILL	TO_FILL	TO_FILL	TO_FILL	Fill from server using checksum script.
SQ7_mi	smallRNA_miRNA	Ctrl24	24h	Control	4	single	SQ7_mi.fastq.gz	TO_FILL	TO_FILL	TO_FILL	TO_FILL	Fill from server using checksum script.
SQ4_mi	smallRNA_miRNA	NE24	24h	NE	1	single	SQ4_mi.fastq.gz	TO_FILL	TO_FILL	TO_FILL	TO_FILL	Fill from server using checksum script.
SQ8_mi	smallRNA_miRNA	NE24	24h	NE	2	single	SQ8_mi.fastq.gz	TO_FILL	TO_FILL	TO_FILL	TO_FILL	Fill from server using checksum script.
SQ16_mi	smallRNA_miRNA	NE24	24h	NE	3	single	SQ16_mi.fastq.gz	TO_FILL	TO_FILL	TO_FILL	TO_FILL	Fill from server using checksum script.
H4_mi	smallRNA_miRNA	NE24	24h	NE	4	single	H4_mi.fastq.gz	TO_FILL	TO_FILL	TO_FILL	TO_FILL	Fill from server using checksum script.
