resource_type	resource_name	final_file_name	source	version_or_release	species	genome_build	used_for	location_to_provide	include_in_github	checksum
genome_fasta	Ensembl rat genome FASTA	Rattus_norvegicus.GRCr8.dna.toplevel.fa	Ensembl	release 115	Rattus norvegicus	GRCr8	HISAT2 index, StringTie/GffCompare support, Salmon gentrome construction	TO_FILL server path or public download URL	no_large_file_manifest_only	TO_FILL
gtf_annotation	Ensembl rat GTF annotation	Rattus_norvegicus.GRCr8.115.gtf	Ensembl	release 115	Rattus norvegicus	GRCr8	HISAT2/StringTie guided reconstruction, GffCompare, FEELnc, transcript-to-gene mapping	TO_FILL server path or public download URL	no_large_file_manifest_only	TO_FILL
stringtie_merged_gtf	Merged reconstructed transcriptome GTF	TO_FILL merged StringTie/GffCompare GTF filename	generated in this project	final manuscript pipeline	Rattus norvegicus	same as final FASTA/GTF	novel transcript/lncRNA discovery and Salmon quantification	TO_FILL	yes_if_small_or_manifest_only	TO_FILL
transcript_to_gene	Transcript-to-gene mapping table	TO_FILL tx2gene.tsv	generated from final annotation/reconstructed transcriptome	final manuscript pipeline	Rattus norvegicus	same as final FASTA/GTF	tximport gene-level summarization	TO_FILL	yes	TO_FILL
salmon_gentrome_index	Salmon gentrome index	TO_FILL salmon_index_directory	generated in this project	Salmon v1.10.3 expected	Rattus norvegicus	same as final FASTA/GTF	Salmon quantification	TO_FILL	no_large_directory_manifest_only	TO_FILL directory checksum if available
miRNA_database	miRBase rat library for miRge3.0	TO_FILL miRge library path	miRge3.0 library / miRBase	TO_FILL exact miRBase version if available	Rattus norvegicus	N/A	miRNA identification/quantification; note manuscript text must be corrected from miRGeneDB to miRBase if this is the final run	TO_FILL	manifest_only	TO_FILL
miRNA_targets	miRWalk predicted targets filtered by miRDB	TO_FILL miRWalk_miRDB_filtered_targets.tsv	miRWalk v3.0 and miRDB	TO_FILL download/date/version	Rattus norvegicus or mapped target database used	N/A	miRNA-mRNA integration and Figure 6/Figure 7 candidate modules	TO_FILL	yes_if_license_allows_or_manifest_only	TO_FILL
TF_reference	TFLink All interactions (Small-scale + Large-scale)	TFLink_All.tsv or exact downloaded filename	TFLink	TO_FILL download date/version	rat mapping or ortholog/target table used; verify exact content	N/A	TF-target filtering and TF-by-pathway integration for Figure 4	TO_FILL server path/public URL; file too large to upload here	manifest_only_or_download_script	TO_FILL
enrichment_resources	KEGG/EnrichR output tables	TO_FILL curated and exhaustive enrichment tables	clusterProfiler / EnrichR / KEGG	TO_FILL package versions and date	Rattus norvegicus	N/A	Figure 3 curated pathway programs and supplementary enrichment outputs	TO_FILL	yes_processed_tables	TO_FILL
IntaRNA_inputs	lncRNA and miRNA FASTA files used for IntaRNA	Candidates_lncRNA_* and miRNAs_* FASTA files	generated from DE lncRNA/miRNA candidates	final manuscript pipeline	Rattus norvegicus	same as final FASTA/GTF for lncRNAs	lncRNA-miRNA interaction prediction and ceRNA modules	TO_FILL	yes_if_small	TO_FILL
