sample_id	matched_longRNA_sample_id	condition	time	treatment	replicate	library_type	layout	fastq	include_final_analysis	notes
H1_mi	H1_ln	Ctrl6	6h	Control	1	smallRNA_miRNA	single-end	H1_mi.fastq.gz	yes	Confirm whether final filename is .fastq or .fastq.gz and whether sample prefix exactly matches this name.
SQ13_mi	SQ13_ln	Ctrl6	6h	Control	2	smallRNA_miRNA	single-end	SQ13_mi.fastq.gz	yes	Confirm whether final filename is .fastq or .fastq.gz and whether sample prefix exactly matches this name.
SQ1_mi	SQ1_ln	Ctrl6	6h	Control	3	smallRNA_miRNA	single-end	SQ1_mi.fastq.gz	yes	Confirm whether final filename is .fastq or .fastq.gz and whether sample prefix exactly matches this name.
SQ5_mi	SQ5_ln	Ctrl6	6h	Control	4	smallRNA_miRNA	single-end	SQ5_mi.fastq.gz	yes	Confirm whether final filename is .fastq or .fastq.gz and whether sample prefix exactly matches this name.
H2_mi	H2_ln	NE6	6h	NE	1	smallRNA_miRNA	single-end	H2_mi.fastq.gz	yes	Confirm whether final filename is .fastq or .fastq.gz and whether sample prefix exactly matches this name.
SQ14_mi	SQ14_ln	NE6	6h	NE	2	smallRNA_miRNA	single-end	SQ14_mi.fastq.gz	yes	Confirm whether final filename is .fastq or .fastq.gz and whether sample prefix exactly matches this name.
SQ2_mi	SQ2_ln	NE6	6h	NE	3	smallRNA_miRNA	single-end	SQ2_mi.fastq.gz	yes	Confirm whether final filename is .fastq or .fastq.gz and whether sample prefix exactly matches this name.
SQ6_mi	SQ6_ln	NE6	6h	NE	4	smallRNA_miRNA	single-end	SQ6_mi.fastq.gz	yes	Confirm whether final filename is .fastq or .fastq.gz and whether sample prefix exactly matches this name.
SQ3_mi	SQ3_ln	Ctrl24	24h	Control	1	smallRNA_miRNA	single-end	SQ3_mi.fastq.gz	yes	Confirm whether final filename is .fastq or .fastq.gz and whether sample prefix exactly matches this name.
SQ15_mi	SQ15_ln	Ctrl24	24h	Control	2	smallRNA_miRNA	single-end	SQ15_mi.fastq.gz	yes	Confirm whether final filename is .fastq or .fastq.gz and whether sample prefix exactly matches this name.
H3_mi	H3_ln	Ctrl24	24h	Control	3	smallRNA_miRNA	single-end	H3_mi.fastq.gz	yes	Confirm whether final filename is .fastq or .fastq.gz and whether sample prefix exactly matches this name.
SQ7_mi	SQ7_ln	Ctrl24	24h	Control	4	smallRNA_miRNA	single-end	SQ7_mi.fastq.gz	yes	Confirm whether final filename is .fastq or .fastq.gz and whether sample prefix exactly matches this name.
SQ4_mi	SQ4_ln	NE24	24h	NE	1	smallRNA_miRNA	single-end	SQ4_mi.fastq.gz	yes	Confirm whether final filename is .fastq or .fastq.gz and whether sample prefix exactly matches this name.
SQ8_mi	SQ8_ln	NE24	24h	NE	2	smallRNA_miRNA	single-end	SQ8_mi.fastq.gz	yes	Confirm whether final filename is .fastq or .fastq.gz and whether sample prefix exactly matches this name.
SQ16_mi	SQ16_ln	NE24	24h	NE	3	smallRNA_miRNA	single-end	SQ16_mi.fastq.gz	yes	Confirm whether final filename is .fastq or .fastq.gz and whether sample prefix exactly matches this name.
H4_mi	H4_ln	NE24	24h	NE	4	smallRNA_miRNA	single-end	H4_mi.fastq.gz	yes	Confirm whether final filename is .fastq or .fastq.gz and whether sample prefix exactly matches this name.
