/media/storage2/surquiza_docs/datasets_rat_HC/dataset_NE_cardios/lncRNA/raw_data_fastq/H1_ln_1.fq.gz	3169634001
/media/storage2/surquiza_docs/datasets_rat_HC/dataset_NE_cardios/lncRNA/raw_data_fastq/H1_ln_2.fq.gz	3175646984
/media/storage2/surquiza_docs/datasets_rat_HC/dataset_NE_cardios/lncRNA/raw_data_fastq/H2_ln_1.fq.gz	3188789272
/media/storage2/surquiza_docs/datasets_rat_HC/dataset_NE_cardios/lncRNA/raw_data_fastq/H2_ln_2.fq.gz	3215520109
/media/storage2/surquiza_docs/datasets_rat_HC/dataset_NE_cardios/lncRNA/raw_data_fastq/H3_ln_1.fq.gz	3136757450
/media/storage2/surquiza_docs/datasets_rat_HC/dataset_NE_cardios/lncRNA/raw_data_fastq/H3_ln_2.fq.gz	3196981984
/media/storage2/surquiza_docs/datasets_rat_HC/dataset_NE_cardios/lncRNA/raw_data_fastq/H4_ln_1.fq.gz	2982310926
/media/storage2/surquiza_docs/datasets_rat_HC/dataset_NE_cardios/lncRNA/raw_data_fastq/H4_ln_2.fq.gz	3036403887
/media/storage2/surquiza_docs/datasets_rat_HC/dataset_NE_cardios/lncRNA/raw_data_fastq/SQ13_ln_1.fq.gz	2927591467
/media/storage2/surquiza_docs/datasets_rat_HC/dataset_NE_cardios/lncRNA/raw_data_fastq/SQ13_ln_2.fq.gz	2975738034
/media/storage2/surquiza_docs/datasets_rat_HC/dataset_NE_cardios/lncRNA/raw_data_fastq/SQ14_ln_1.fq.gz	3170302373
/media/storage2/surquiza_docs/datasets_rat_HC/dataset_NE_cardios/lncRNA/raw_data_fastq/SQ14_ln_2.fq.gz	3201691487
/media/storage2/surquiza_docs/datasets_rat_HC/dataset_NE_cardios/lncRNA/raw_data_fastq/SQ15_ln_1.fq.gz	3179573322
/media/storage2/surquiza_docs/datasets_rat_HC/dataset_NE_cardios/lncRNA/raw_data_fastq/SQ15_ln_2.fq.gz	3245739064
/media/storage2/surquiza_docs/datasets_rat_HC/dataset_NE_cardios/lncRNA/raw_data_fastq/SQ16_ln_1.fq.gz	3081454054
/media/storage2/surquiza_docs/datasets_rat_HC/dataset_NE_cardios/lncRNA/raw_data_fastq/SQ16_ln_2.fq.gz	3127334325
/media/storage2/surquiza_docs/datasets_rat_HC/dataset_NE_cardios/lncRNA/raw_data_fastq/SQ1_ln_1.fq.gz	3561618122
/media/storage2/surquiza_docs/datasets_rat_HC/dataset_NE_cardios/lncRNA/raw_data_fastq/SQ1_ln_2.fq.gz	3540383709
/media/storage2/surquiza_docs/datasets_rat_HC/dataset_NE_cardios/lncRNA/raw_data_fastq/SQ2_ln_1.fq.gz	3421871092
/media/storage2/surquiza_docs/datasets_rat_HC/dataset_NE_cardios/lncRNA/raw_data_fastq/SQ2_ln_2.fq.gz	3413807617
/media/storage2/surquiza_docs/datasets_rat_HC/dataset_NE_cardios/lncRNA/raw_data_fastq/SQ3_ln_1.fq.gz	2991521719
/media/storage2/surquiza_docs/datasets_rat_HC/dataset_NE_cardios/lncRNA/raw_data_fastq/SQ3_ln_2.fq.gz	2984721171
/media/storage2/surquiza_docs/datasets_rat_HC/dataset_NE_cardios/lncRNA/raw_data_fastq/SQ4_ln_1.fq.gz	2974463403
/media/storage2/surquiza_docs/datasets_rat_HC/dataset_NE_cardios/lncRNA/raw_data_fastq/SQ4_ln_2.fq.gz	2927369920
/media/storage2/surquiza_docs/datasets_rat_HC/dataset_NE_cardios/lncRNA/raw_data_fastq/SQ5_ln_1.fq.gz	3005518812
/media/storage2/surquiza_docs/datasets_rat_HC/dataset_NE_cardios/lncRNA/raw_data_fastq/SQ5_ln_2.fq.gz	3055026903
/media/storage2/surquiza_docs/datasets_rat_HC/dataset_NE_cardios/lncRNA/raw_data_fastq/SQ6_ln_1.fq.gz	2875737046
/media/storage2/surquiza_docs/datasets_rat_HC/dataset_NE_cardios/lncRNA/raw_data_fastq/SQ6_ln_2.fq.gz	2926589273
/media/storage2/surquiza_docs/datasets_rat_HC/dataset_NE_cardios/lncRNA/raw_data_fastq/SQ7_ln_1.fq.gz	2615391748
/media/storage2/surquiza_docs/datasets_rat_HC/dataset_NE_cardios/lncRNA/raw_data_fastq/SQ7_ln_2.fq.gz	2680977313
/media/storage2/surquiza_docs/datasets_rat_HC/dataset_NE_cardios/lncRNA/raw_data_fastq/SQ8_ln_1.fq.gz	2854906557
/media/storage2/surquiza_docs/datasets_rat_HC/dataset_NE_cardios/lncRNA/raw_data_fastq/SQ8_ln_2.fq.gz	2926933091
